"COUNTY","MEDINC","BACHELORS","GRAD","UNEMPRATE","FORBORN","AGE65OVER","WHITE","MALE","MGMTOCC","SALES","CONSTRUCTION","PRODUCTION"
"Anderson County, Texas",45847,11.3045738045738,4.12256662256662,1.40121826989044,6.10528860265552,14.4707080822556,71.2450575824024,61.1875615104373,7.82531473645719,11.0693203782061,12.3857284647129,20.0491041111633
"Andrews County, Texas",75147,14.9305555555556,4.02046783625731,2.70694683317132,13.4086794316124,9.83705491852746,81.2530860810885,49.5967520711033,12.4154262516915,9.60757780784844,17.6026161479477,14.9300857013983
"Angelina County, Texas",49684,18.1838795764944,5.70720901432035,3.8933848095627,8.66630700536048,16.1663930945029,77.4389054052503,48.9135550224406,11.35897084987,9.98768304365677,11.4930888189407,15.3387162994389
"Aransas County, Texas",47924,23.1654595474707,7.43360844421986,4.71642378889326,6.86209744013212,27.0809248554913,87.869529314616,49.5086705202312,17.37870330614,13.1708887934736,11.6680978960927,10.0794332331473
"Archer County, Texas",63958,22.3029715762274,7.89728682170543,2.3268853378189,3.01576422206991,20.2764450536897,94.4596755768791,50.1599268905643,15.888710048287,10.5081627960451,11.2899517130375,14.4171073810071
"Armstrong County, Texas",69386,25.7100149476831,8.37070254110613,0.325945241199478,2.82051282051282,20.9230769230769,91.5897435897436,45.7435897435897,22.2707423580786,4.03930131004367,10.9170305676856,16.8122270742358
"Atascosa County, Texas",59251,15.3129866085332,3.94269697913423,4.05115035899586,7.42917480176914,14.7686974538789,84.7471809379607,50.2111806191975,12.5477578926201,8.19927609089081,19.0629398753268,17.373818620551
"Austin County, Texas",64468,22.9528292635089,6.91870157889575,3.56809503606279,9.50421517462866,19.4700923323966,75.5185333868594,49.8896025692493,17.0194809761587,9.76158660946621,11.7659469723609,16.2599338912722
"Bailey County, Texas",55038,17.3774509803922,5.75980392156863,1.78365937859609,14.7773279352227,13.4181607865818,93.1607865818392,49.9566223250434,9.41176470588235,13.2100840336134,17.9495798319328,17.4453781512605
"Bandera County, Texas",60361,22.4213962545101,7.12444877154802,3.74053274254212,5.59508124725516,27.2112428634168,89.038208168643,49.7452788757137,17.5031632222691,9.36313791649093,14.8987768873893,9.51075495571489
"Bastrop County, Texas",71820,21.5354689471471,6.94483387074162,3.08167099024958,11.4038623199254,14.9690807125831,65.3554278607538,50.7709669618489,14.3968465293549,8.31440728848513,16.3468817709557,13.5379956665884
"Baylor County, Texas",40946,20.9734863474476,3.8781163434903,0.947700947700948,3.67977528089888,24.9719101123595,92.3595505617978,48.2865168539326,15.6716417910448,6.03799185888738,16.5535956580733,9.49796472184532
"Bee County, Texas",45287,10.7846666066769,5.16962116440205,3.49479538536695,3.2567696034837,12.269618816891,80.2263178876997,61.2254285626667,8.58511782536423,8.57533978683876,11.6456438838369,19.0867312017209
"Bell County, Texas",54987,25.3325087915232,8.6516895415486,4.3951231016295,8.11217317964577,10.8628057351701,60.9125667697498,49.7683441102052,11.968746137896,9.13928291885805,9.75790615602214,12.8098265657828
"Bexar County, Texas",58288,28.4700154594805,10.5219760098474,3.67569390700496,13.0236817183522,12.0988909585785,71.5962899213978,49.3879704430809,13.9468855144085,10.752780191044,9.39003702588345,11.2697126540127
"Blanco County, Texas",70397,28.1533804238143,8.82385917703779,2.99667036625971,5.48026932583312,25.6797068098526,85.238216994801,50.5156396488537,14.2757660167131,16.1037604456825,15.4596100278552,8.46100278551532
"Borden County, Texas",83281,45.1612903225806,8.98617511520737,2.84463894967177,0.459418070444104,28.7901990811639,94.9464012251149,47.3200612557427,36,1.77777777777778,12.4444444444444,5.77777777777778
"Bosque County, Texas",57337,18.5280338521989,5.53876379023727,2.31144365021043,6.98393748643369,24.9511612763186,90.6392446277404,49.15888864771,14.6328918606146,9.20663494920921,13.6685097081137,14.8257682911148
"Bowie County, Texas",51796,21.8875344081793,7.65395202516713,2.59263772118652,4.17743692721796,16.7001345837517,68.122877101536,50.4699750058747,10.5681188484577,10.797688471383,10.0509275140512,15.9194659207853
"Brazoria County, Texas",83325,31.0866957492643,11.1608273182718,3.03018500486855,12.9510788943167,11.8240948535844,67.7173954388119,50.5276284973727,17.3654232223727,8.65703347495215,11.4308557822494,12.1550959428545
"Brazos County, Texas",50289,41.4107276479924,19.0846222792346,2.69287974255659,12.8016079869241,9.19291425542254,75.167645889473,50.4404293855193,12.6362235350237,9.35034675081642,7.87619711591384,10.0319230910358
"Brewster County, Texas",45296,40.7591240875912,13.5474452554745,2.64391768689763,9.00227494312642,22.6844328891778,88.9069439930668,48.60795146788,17.4034936381281,9.6829846883761,6.10308389044641,8.73409532025016
"Briscoe County, Texas",37875,17.5024582104228,4.32645034414946,1.73913043478261,8.45697329376855,25.4451038575668,89.7626112759644,58.2344213649852,16.1290322580645,9.19354838709677,10,10.9677419354839
"Brooks County, Texas",25058,16.390134529148,3.74439461883408,0.606493043168034,10.3380281690141,17.8450704225352,80.5633802816901,49.943661971831,2.80974949221395,10.1218686526743,6.05958023019634,12.9316181448883
"Brown County, Texas",49180,20.1047080403546,5.1398654845613,2.45867030432947,4.56553365956884,19.8360005290305,87.9566194947758,49.7817748975003,13.6758277947428,10.5023651278367,9.42458535417041,18.0108975510448
"Burleson County, Texas",60058,21.2849822625148,5.76271186440678,2.16444323441329,6.26199484564347,21.2918791467895,78.8671382354554,49.7340571365905,12.5757771185348,7.64865213465755,17.1933445118019,15.9551141493615
"Burnet County, Texas",59919,26.751573447334,9.48521553259708,1.85462236896409,7.281063346513,22.7412299150332,88.6872213342307,49.5225877008497,15.177213439646,12.6330829146887,15.4721850947136,8.75697100981703
"Caldwell County, Texas",59846,14.7934991131864,4.15535526839686,1.45501481416293,11.8948081369549,13.9780928136021,78.3684050727515,51.0381390569166,14.4108903145048,9.44557450581547,18.7972669900381,12.8774839618213
"Calhoun County, Texas",57170,17.5108134505372,6.36947118738663,2.70318021201413,12.8225430833721,17.787610619469,78.2487191429902,51.4764788076386,10.6366307541626,5.16160626836435,16.9441723800196,16.5230166503428
"Callahan County, Texas",51955,22.443865276664,5.51323175621492,2.32640112795206,1.3826205315567,20.4957375170141,93.237337918189,49.4877856579984,14.1089936476095,11.250417920428,12.6546305583417,13.9585422935473
"Cameron County, Texas",41200,18.1524295852516,5.58171327476327,3.1700101631937,22.6316225851919,13.5113174695299,84.9029338955547,48.7578618214552,9.51876153747738,10.5867587837138,9.99701472532427,12.1829668756359
"Camp County, Texas",49539,21.8801799668482,7.47099218565001,3.66088631984586,10.0865667027361,18.4263410109754,75.1198021332509,48.4850827021178,10.2789453572793,10.4126862820023,12.7818112342377,26.2705387848682
"Carson County, Texas",74246,27.9126213592233,8.68932038834951,1.00755667506297,2.2998153432936,20.3290246768508,92.1101225449052,49.6055061272453,17.8667563930013,10.5989232839838,8.17631224764468,13.5598923283984
"Cass County, Texas",47539,18.3110687022901,5.5868320610687,4.18326693227092,2.50316645556963,22.3285114325712,77.9148056796214,47.6101593227118,9.58916160816398,9.22846837336149,12.2987595671681,20.8410310548078
"Castro County, Texas",49900,16.4486382157409,4.07463006648081,0.962052378407269,15.9238196005819,16.0296257108848,83.8777939426002,50.2579023938632,14.6190610064661,7.36575766095024,5.53837503514197,14.2254709024459
"Chambers County, Texas",95989,22.4812810438135,7.59137074653421,4.73372781065089,6.69234925183811,11.759178783679,83.977355476733,50.3159427779474,18.1795208733448,7.00495299706864,10.7247548771859,18.1593045587789
"Cherokee County, Texas",50199,17.4343257443082,5.90776415645067,3.61778106144563,10.4946409124778,17.4127357138763,77.8586576488795,51.1319997707342,10.3989411987143,8.28133862733976,12.5685384760824,17.9287199848743
"Childress County, Texas",43564,18.7571483034693,3.90773922988944,4.14092502922024,8.20058179803297,13.2705360853304,78.7920764648843,63.346723922981,10.4778156996587,8.05460750853242,13.6860068259386,13.4470989761092
"Clay County, Texas",63125,23.6165748754262,6.42538683451351,1.5847121883011,3.26503255457679,23.2382229031023,93.8720796629644,50.0670241286863,14.1961112272632,10.2864311101819,11.1436337026971,18.1266987246498
"Cochran County, Texas",41000,8.24468085106383,1.96808510638298,5.74555403556772,12.6573426573427,16.1188811188811,80.7692307692308,52.1328671328671,12.9402129402129,6.30630630630631,7.6986076986077,20.966420966421
"Coke County, Texas",45072,22.1863654699476,8.39048003227108,1.26488095238095,3.24439053972104,27.865372953305,89.8423286840509,48.2413583990297,7.93650793650794,6.34920634920635,17.1152518978606,11.5942028985507
"Coleman County, Texas",46948,16.8602721539993,5.12777962163956,3.25130499627144,5.40997464074387,24.6226301171356,85.2795556092259,51.4792899408284,11.1643642514801,10.2621934028757,10.6287003101212,20.7499295179025
"Collin County, Texas",100541,53.2282004550993,19.4465122389105,2.82333967680547,21.3371661905415,10.9525683920488,65.9331953663778,49.2573839159157,24.6116212139369,11.9428735560032,4.86122603483663,6.50547544183021
"Collingsworth County, Texas",41202,22.3153483499214,4.08590885280251,3.68070953436807,9.28887376658727,17.8972439605308,69.7175910173528,51.5481456277645,11.7251680358476,12.3226288274832,10.0821508588499,11.3517550410754
"Colorado County, Texas",52663,19.0727740321123,4.96976437061236,2.16736549932085,10.3853537481856,21.9787423327246,70.9884347052489,49.4076883457414,13.5498073747936,13.032471106219,13.0764997248211,14.8486516235553
"Comal County, Texas",80781,37.9173038635773,13.2575429687124,2.41788970471271,5.87694146560928,18.2573310681502,87.1005432410473,49.4349353012671,19.6880043033889,11.6991116991117,9.06037829114752,10.4429873660643
"Comanche County, Texas",54889,20.129803234779,5.77933450087566,3.55083737530887,8.44303890564095,24.0200044127381,88.3871442229904,50.3125689490329,14.6954614476126,6.006411337945,13.4975535684157,15.0666441707441
"Concho County, Texas",53333,13.1854332356635,2.51151109250733,0.429855412270418,21.5374420145792,22.4320742213386,90.0596421471173,63.7176938369781,24.6867167919799,10.4010025062657,13.6591478696742,5.0125313283208
"Cooke County, Texas",62733,21.7653907728133,7.0368214233736,2.58090817862519,8.02908875037103,18.4154546354012,89.6878401108143,49.5893934896606,12.9195661072452,7.1479738027016,11.6148178469095,19.0595579205894
"Coryell County, Texas",54712,16.9223374017723,5.68466811569972,2.81309440384423,6.30491161215201,10.1593098338097,70.4377050915635,49.9139938604848,12.4122473145564,8.99094984352533,10.8094392286222,12.572951027658
"Cottle County, Texas",40250,18.8555347091932,7.03564727954972,5.08885298869144,0.246305418719212,21.4285714285714,78.2019704433498,45.628078817734,17.9916317991632,4.60251046025105,10.7391910739191,6.69456066945607
"Crane County, Texas",54596,13.3053221288515,3.46638655462185,1.80547466511357,19.8143068157839,13.8847858197932,53.9565309136949,51.7197721038194,5.94154288452324,6.22903689506469,25.4911356013416,15.4767609008146
"Crockett County, Texas",46695,9.67219749089437,4.41116956697693,0,9.49012673150604,17.359269083407,42.7939876215738,47.1853816681403,6.21531631520533,5.66037735849057,19.6448390677026,18.2019977802442
"Crosby County, Texas",42470,14.8691938067272,3.55045381740523,3.22944896115628,4.58891013384321,18.3904050060838,81.5400660524944,50.391100295498,13.5376260667184,7.02094647013188,12.3351435221102,12.1411947245927
"Culberson County, Texas",34853,16.454802259887,1.55367231638418,5.81395348837209,13.1470453504352,15.3000458085204,67.5675675675676,55.4283096655978,7.20430107526882,1.50537634408602,23.4408602150538,16.0215053763441
"Dallam County, Texas",58956,17.0101925254813,3.73725934314836,2.20660027338411,21.6584158415842,11.4411441144114,80.2530253025303,50.7838283828383,16.5784341042073,7.24435775982168,11.2287545277236,24.2964614098635
"Dallas County, Texas",61870,32.4839284009745,12.0357793547171,3.45818832223716,24.2710572653294,10.7319969160775,56.2603474217142,49.312828248242,16.5137900626406,9.97650976099252,11.4047010886091,13.470549778021
"Dawson County, Texas",40469,14.46036058286,2.82785873055075,3.58645562011621,5.55685267335979,14.7560121410226,69.5462681920772,54.9692583080395,9.84433238324929,9.12080684060513,13.1111598333699,12.365709274282
"Deaf Smith County, Texas",49790,12.0025556772545,3.47754654983571,2.1413596885295,18.8429929634205,12.8645861309556,81.0656926465059,50.0725143685879,11.1824123588829,6.97563874034462,10.8496732026144,27.0825906120024
"Delta County, Texas",49868,21.6088765603329,7.62829403606103,2.44926522043387,1.02330869812393,20.1629713852568,85.3894258101194,44.8739814288421,17.2805820827649,9.18599363346976,11.8235561618918,14.1427921782628
"Denton County, Texas",90354,45.7565320936245,14.976966214187,2.79186087513075,15.5928466153721,10.2707470203902,71.3647599484733,49.1875268367975,23.2211286396904,11.5660206051978,5.72312138481933,9.68367568765692
"DeWitt County, Texas",53815,12.2090991683556,3.06101055279894,3.3161522697634,3.4822179354009,19.5775832220409,64.8464163822526,52.0502547361132,10.3387533875339,6.85636856368564,16.3550135501355,17.0460704607046
"Dickens County, Texas",41141,18.607516943931,7.20887245841035,3.03030303030303,7.92850595783685,24.243813015582,87.9926672777269,48.6251145737855,9.45945945945946,4.2997542997543,13.7592137592138,15.970515970516
"Dimmit County, Texas",25996,14.8452012383901,6.76470588235294,3.77309729939269,10.8580922595778,17.2595777951525,70.1915559030492,47.9182955433933,8.80874963050547,11.2030741945019,10.2276086313923,10.8483594442802
"Donley County, Texas",51875,18.0870353581142,5.25838621940163,0.923531584780199,3.13536328007235,23.0328610189931,89.6593307205306,49.5327102803738,16.7652859960552,12.0973044049967,8.61275476660092,9.33596318211703
"Duval County, Texas",45349,9.16479820627803,3.81165919282511,4.80389881643073,4.43094514918706,17.3217795247454,92.2815794175451,50.7682687153832,10.1005377601122,7.27145195230302,14.7299509001637,13.5609071779285
"Eastland County, Texas",41559,19.2433293508562,7.20828355236957,2.43491164171051,4.40155284597299,22.3467658155175,92.1592213899065,49.937120673629,15.0118039161228,7.98500208304402,12.8037772531593,12.2899597278156
"Ector County, Texas",63096,16.6053605009196,4.88623917670641,4.49496276086459,13.9417648256585,9.57813743698594,73.3894006799657,50.8462549439429,9.86953001605989,12.347530626601,17.3314043773144,20.0416760681152
"Edwards County, Texas",40643,18.2167563412759,3.15142198308993,0,6.06995884773663,24.1255144032922,99.8971193415638,51.4917695473251,6.44808743169399,9.83606557377049,22.6229508196721,3.82513661202186
"Ellis County, Texas",79834,25.2843878212049,8.05096091556899,2.35859023775347,7.57393416683381,12.8050411178712,78.0570970114328,49.3637315861024,16.68549063461,10.7162426614481,11.279843444227,15.4878389712049
"El Paso County, Texas",48292,24.0279366116648,7.95407690931298,3.70029194183838,23.9069678521714,12.18116535132,69.3122957528542,49.3563862518894,11.7912668974148,10.8647981329695,9.47100803860334,13.3152756012041
"Erath County, Texas",55383,32.9749541844838,10.74322948483,3.07102841717222,7.64221096007199,13.9061241888884,88.5520769194335,48.5317103206555,11.9138024557424,8.13156467281424,10.6021006953006,11.6179298781991
"Falls County, Texas",36854,12.4200688637482,3.44318740777177,3.57193580457321,5.55523407210231,18.7373415890284,70.0769631387072,47.3005034430878,8.91071741799684,6.41992632871426,9.41940010524469,25.8024907910893
"Fannin County, Texas",57898,17.9361079499268,5.74703300276378,2.48070175438597,4.9392227358329,18.6183872624551,86.9742623979912,52.9932089254123,14.2896608881829,10.1111955245528,12.8530975896125,15.5811865460322
"Fayette County, Texas",62872,22.3359324236517,6.03205544726013,2.24122107907067,7.10579474789084,25.3931160137838,89.6700598090862,49.8514675010892,12.4839361116211,9.16100605838076,13.6956122636314,18.5790343308243
"Fisher County, Texas",52683,20.3147877013177,5.45387994143485,1.65530671859786,2.24719101123596,22.2106088319833,86.1510321400575,49.4120721191534,13.8331573389652,6.65258711721225,10.9292502639916,13.1467793030623
"Floyd County, Texas",52714,15.675389902194,4.54665609304785,1.64646695632289,6.62400553441716,18.7824282255275,89.3289519197509,49.1006572120374,14.5740815502624,5.73274121921679,7.75131207105369,14.4529672991522
"Foard County, Texas",39306,12.7683615819209,3.27683615819209,5.09125840537944,3.06545153272577,33.9685169842585,80.115990057995,50.4556752278376,21.4417744916821,1.84842883548983,15.7116451016636,16.2661737523105
"Fort Bend County, Texas",100189,46.473355465001,18.7127314778395,3.76139163127993,28.643607471058,11.1036652286279,48.3952296900209,49.0907734557942,21.2862901949196,11.4060174973881,5.83149529850037,8.60648817501609
"Franklin County, Texas",59632,30.2871006874242,7.80428629195309,3.99248473461719,7.20720720720721,21.8445249373084,84.8054239806817,50.5990526609083,16.1571168252683,11.9862320307755,8.34176958898562,16.6835391779712
"Freestone County, Texas",52232,14.7689650208723,4.08089822945156,1.56072286111462,6.73622366288493,19.8743922204214,77.1525526742302,52.1069692058347,11.9972067039106,8.88268156424581,13.6033519553073,15.6284916201117
"Frio County, Texas",48708,8.19816220535358,3.9792249300839,3.47750218122897,16.8640383750562,12.1121271173737,78.9536801079298,60.9353919952031,9.94076000577951,6.90651639936425,9.83961855223234,13.4807108799306
"Gaines County, Texas",62994,10.4455227172475,3.07013674459638,2.37531345778768,24.5101295250747,8.98609859088105,88.4233999145989,50.6618588983252,14.7773514707592,9.95233112428787,21.67189861644,14.1262643878619
"Galveston County, Texas",74633,32.1175439292023,10.8879227180822,3.76460390442451,9.62796208530806,14.3287914691943,75.219490521327,49.1777251184834,16.8433074176565,9.81093478410923,8.35262890382335,12.1816230869148
"Garza County, Texas",58938,12.293411817976,4.09780393932533,3.21740747628789,30.9555408095554,15.2952886529529,74.9004644990046,63.1386861313869,14.1076487252125,4.81586402266289,11.5580736543909,22.3796033994334
"Gillespie County, Texas",61445,34.146964203646,10.3201756625645,2.47477717956838,9.01454927253637,29.3235338233088,90.4567271636418,48.3125843707815,17.4336717982312,10.3177202751392,10.1293809367835,11.8080576482149
"Glasscock County, Texas",74375,25.4545454545455,7.37967914438503,0,22.9440221147201,11.6793365583967,70.4215618521078,55.0794747753974,28.2170542635659,1.08527131782946,13.0232558139535,23.4108527131783
"Goliad County, Texas",50000,15.9352919300855,4.16511714391967,2.21711282640828,3.87965162311956,23.884930060702,86.0913169701768,49.7360781208762,16.3993453355155,7.56137479541735,15.5482815057283,16.4320785597381
"Gonzales County, Texas",58210,12.4452039527454,3.84872575971469,1.5050060582871,11.7198002688688,16.7130785481083,66.8379105050893,51.0034568849626,11.8163628279235,7.48110271231659,12.4499777678968,27.1787461093819
"Gray County, Texas",54679,15.1009237085186,4.48853917208348,2.9322073657049,10.2705887685265,16.0766894801251,83.6785568599012,53.0299596609709,10.2603036876356,10.6073752711497,16.8763557483731,15.4880694143167
"Grayson County, Texas",58296,20.5865057086112,6.50970297469127,2.71856481085143,5.97781722048724,17.7971496401477,83.9627940416545,48.7818942985314,12.3164528615759,11.7102274544931,10.6881218209156,16.3041044179276
"Gregg County, Texas",52027,21.1634141779413,6.31460814265229,2.48201249934352,8.51552579003988,15.4060809007304,71.1808335962081,48.6051458752922,12.2085690605744,10.7221361392382,11.6608410507729,17.5399084717668
"Grimes County, Texas",56086,18.2583839518146,7.00832014700628,2.69664895252317,6.37325552782367,17.4148416353218,74.1027173339895,53.928357999086,15.2047324151955,11.0361401238562,13.966170625751,15.6853683334874
"Guadalupe County, Texas",75774,28.0185528756957,9.92949907235622,2.81320626491552,6.70244740231859,13.9673679690854,72.0977734159357,49.4639023492609,14.0508775180665,11.2502316224158,9.5454906424544,16.1923921963099
"Hale County, Texas",47500,17.189777475464,6.01010591779225,2.48901903367496,10.3218480112363,13.3729791112572,81.2927711203419,52.3503571108388,13.4520625087991,9.96761931578206,10.5800366042517,17.9712797409545
"Hall County, Texas",40197,18.2604517059106,5.04565112926478,5.96330275229358,10.1818181818182,22.0165289256198,73.8181818181818,48.4297520661157,14.0392156862745,6.90196078431372,12.6274509803922,10.9803921568627
"Hamilton County, Texas",46893,20.5635692720564,4.91445823549145,1.17921094773621,4.80199193739625,25.0059283851079,93.5262034621769,50.2134218638843,14.9561005146836,13.01846805934,14.1083863154708,15.0166515289131
"Hansford County, Texas",46507,23.2078853046595,2.83751493428913,6.91886510701842,20.4198121892837,16.5162953415577,87.018965199779,51.2612778493832,21.5330084182543,11.16526362428,6.86752326096588,12.2729286663713
"Hardeman County, Texas",47188,16.2903786036818,5.80062521708927,2.96387774004322,6.7710965133906,22.511369378474,83.5270338554826,49.1915108640728,12.3379989631934,6.79108346293416,13.1156039398652,14.2560912389839
"Hardin County, Texas",61221,18.0601662420546,4.17149180370056,2.21435883740597,1.98584280633238,16.8787921054467,90.3183625078457,48.383778506172,14.159109645507,12.4319868095631,11.8755152514427,17.7493816982688
"Harris County, Texas",63022,32.2637410761612,11.786843921776,4.15904955239551,25.9795680433892,10.4984201842111,57.0318520517309,49.653431850428,15.764519899983,10.4271757104728,11.2689495645783,13.4237787910446
"Harrison County, Texas",54234,20.3229448961156,6.35953026196929,3.52331206753657,5.15124648744496,16.9323936465956,71.577982478549,48.4664973627662,11.6055661510207,8.51875397329943,12.3896305714488,17.6273221727767
"Hartley County, Texas",53722,21.1049188272353,9.20765689362733,0.199556541019956,8.03507516105941,14.7279885468862,83.303507516106,60.5046528274875,19.8705179282869,9.26294820717131,5.27888446215139,11.3545816733068
"Haskell County, Texas",48955,16.6541447533183,6.91209616829452,3.72384937238494,8.64997373489757,23.5335317807739,87.1125897391,53.3356680091052,10.2372583479789,11.3796133567663,14.8506151142355,10.7205623901582
"Hays County, Texas",68724,38.5768486832317,13.7062937062937,3.75989595114228,9.11873336714133,11.0004622420084,82.6587442275846,49.6883232283341,17.0730209959482,11.6363508796548,9.16402097840768,10.4927119327849
"Hemphill County, Texas",59605,20.6481096800997,4.36227669297881,4.37956204379562,17.5083311971289,15.0730581902076,85.7985132017431,54.7551909766727,13.4604598990466,12.5070106561974,20.9197980931015,9.02972518227706
"Henderson County, Texas",49469,18.3151067720012,6.67713112774692,3.21849773429763,4.74081665019703,22.2718344740085,87.4025546243092,49.0929497736949,12.6569957297162,9.57987942727958,12.2048480281336,14.9208741522231
"Hidalgo County, Texas",41846,19.3025736490299,5.94237398427558,4.26548655199144,26.3369243221462,11.072570334337,75.9373943983362,48.9967333885317,9.71536450769678,12.2715775970568,12.4927388905025,12.319984993707
"Hill County, Texas",55615,17.5021240441801,5.41732410891289,3.66328374808842,6.8957877537456,20.6153590517599,84.5301725331635,50.0263092303858,11.6393442622951,11.1601513240857,13.3039092055485,20.4161412358134
"Hockley County, Texas",47010,15.6532628356755,4.79337693056908,4.00091059131524,8.7618550421996,14.4696771948142,81.7019055077003,49.8346819803359,11.4824421388667,8.3000798084597,14.3954509177973,16.4604948124501
"Hood County, Texas",71253,29.2604871759451,9.55012202422066,3.28394402087914,2.94210745522699,24.9279466888796,94.2274052478134,48.7097042898792,13.9456457052172,12.2277325927395,10.5891688157112,19.7738543939695
"Hopkins County, Texas",54600,21.296258765352,6.26646670179563,2.67981600223028,6.84591914569031,18.7288874359813,83.0200501253133,49.1037376048818,13.1205884097515,10.2378551515511,11.8393736283291,18.4352571326888
"Houston County, Texas",40838,15.5756207674944,4.5859569918023,1.32174828857293,2.95527852846308,22.0076715194839,70.4428558974806,53.9883183680586,9.0155824882513,7.58100420479842,7.79124412564927,17.3880781597823
"Howard County, Texas",57761,13.3812484858273,4.24372123071953,3.56527136059582,11.1368845442245,12.8544997652777,78.6623588214177,56.2698478446966,11.1087689713322,9.16947723440135,15.9288926363125,16.0061832490163
"Hudspeth County, Texas",31505,9.88446726572529,0.353016688061617,3.49054090061284,37.529336462556,13.8468103264348,53.8510774482612,50.9921058246213,4.91684743311641,13.3767172812726,3.68763557483731,16.6305133767173
"Hunt County, Texas",57467,20.3861344075024,6.93751671832958,2.93126152225441,6.89798548886718,16.0142200785846,78.6002370013098,49.0478368433089,14.8970362037696,10.0185954682155,11.526894556808,13.9144608462086
"Hutchinson County, Texas",57921,15.3994983876747,3.60444285202436,4.23277219329054,5.08884150675195,16.5742714996446,85.0746268656716,51.1158493248046,9.63337275561767,8.8592624448984,12.6760563380282,23.4705945597248
"Irion County, Texas",53778,20.5056179775281,4.30711610486891,3.26797385620915,4.63618802318094,18.158403090792,73.7282678686413,51.513200257566,21.0682492581602,4.15430267062314,13.5014836795252,22.5519287833828
"Jack County, Texas",54087,14.4988647421343,5.3357119688615,1.52976846747519,6.07560756075608,17.8217821782178,91.550405040504,57.2682268226823,10.9389525875426,10.412147505423,16.7338084908584,16.7338084908584
"Jackson County, Texas",58243,15.3962340147014,3.96737488671836,2.69823309252328,6.81419511536905,18.1149642423425,83.2478747807314,48.5831871542302,13.5293162254345,7.97466298522008,17.1187266525905,18.7266525905473
"Jasper County, Texas",42756,13.3127952351612,5.44259601560896,5.21917711210254,3.31533659524211,20.0241831168101,76.2555536808953,49.4235419830156,8.03490136570561,8.85432473444613,12.9059180576631,17.443095599393
"Jefferson County, Texas",50840,19.2661695237529,6.3329273002763,3.17784330032005,11.9939479173251,14.3977940711712,54.8949971556792,51.1408886922445,9.87180722891566,10.8375903614458,14.2843373493976,15.4824096385542
"Jim Hogg County, Texas",35736,13.2248939179632,3.42998585572843,5.00426499857833,2.56410256410256,13.9194139194139,91.7486022749181,52.111046847889,6.56970912738215,7.87362086258776,17.0010030090271,20.962888665998
"Jim Wells County, Texas",45857,16.1681049494989,3.60280174915831,2.03719524216337,4.20139229336209,15.4059221492303,93.1267771350132,49.5955485831944,10.0424850686534,12.8132504156148,13.8291977095006,15.7133181454344
"Johnson County, Texas",65311,19.5204898644125,6.05189635011738,2.19531173275517,4.20053805169265,14.0797973844385,88.8176284875612,49.9390169176991,12.1112806784919,8.85642090515624,10.6639813865052,27.4236321332966
"Jones County, Texas",52471,11.8487564871605,2.64878344678843,1.96101735203233,3.73352118345577,15.4724766025964,68.7732716111502,62.5037737747811,13.8722747443565,7.06154736639012,11.4412502411731,11.6148948485433
"Karnes County, Texas",52896,15.8918406072106,4.60151802656546,1.47459528770636,10.8316717051521,14.1956647584743,76.2204926995562,59.0081687785425,11.0512667065629,9.15619389587074,16.3574705765011,13.0261320566527
"Kaufman County, Texas",72179,20.1788318089247,5.99399877083258,3.56535807171674,7.59677021696252,11.7626664201183,77.2189349112426,49.208733974359,15.4406538734897,9.520578923564,12.3344317374168,13.4716030238418
"Kendall County, Texas",98692,45.263461908735,16.5618381361915,2.63904338153504,6.5617374865358,19.2323756347409,87.7294409883274,49.0426677804401,23.190687467201,11.3257955250227,10.0853966890893,6.84604742140165
"Kenedy County, Texas",40083,1.48148148148148,1.11111111111111,0,25.0639386189258,28.1329923273657,93.0946291560102,49.3606138107417,7.14285714285714,16.2337662337662,9.09090909090909,9.09090909090909
"Kent County, Texas",61706,32.8451882845188,14.4351464435146,2.53411306042885,1.84659090909091,30.3977272727273,93.3238636363636,45.5965909090909,16.5991902834008,9.7165991902834,10.9311740890688,4.45344129554656
"Kerr County, Texas",57196,28.1845034020782,10.0137138034706,2.37310025137797,6.8473991761663,27.4279145512022,84.3203371970495,48.4280103458186,14.5353143653871,11.7380506296022,11.9907629297198,9.25885582327567
"Kimble County, Texas",46602,24.7282608695652,9.45048309178744,1.87245590230665,4.68571428571429,28.5028571428571,86.1028571428571,46.6742857142857,13.7733142037303,10.234337637494,13.5341941654711,11.7647058823529
"King County, Texas",39286,13.5135135135135,3.6036036036036,4.40528634361234,12.1863799283154,11.1111111111111,97.1326164874552,55.9139784946236,17.5257731958763,4.12371134020619,5.15463917525773,6.18556701030928
"Kinney County, Texas",39972,18.7651751647589,5.86194935830732,0.466998754669988,9.36309199782254,29.2868807838868,97.2509526401742,59.5264017419706,13.0204390613172,4.23921271763815,12.7176381529145,13.3232399697199
"Kleberg County, Texas",47301,24.3022504259945,7.15083142370292,3.46409821834567,6.71440195280716,13.3962571196094,81.5882831570382,50.486574450773,10.334532649468,10.7785347929266,12.9296486258899,13.5114445380081
"Knox County, Texas",50719,18.8464662875711,7.18927701056052,2.65455815578065,9.13291655341125,18.4832835009513,80.4566458276706,49.3884207665126,11.6480793060719,10.0371747211896,10.6567534076828,17.1003717472119
"Lamar County, Texas",48036,18.7419543592744,5.94207138677589,2.26780481590011,3.81450558293934,19.332059148979,79.7605874660497,47.8281862991651,10.1757548445246,9.4411897251014,10.7616043262731,19.4411897251014
"Lamb County, Texas",44935,12.5575199806248,2.76095906999273,2.42449147318677,9.51759102780765,16.8535873406053,87.0640651405746,49.7234598248579,12.4469850636179,9.18310898026922,9.90226811727826,14.9917020099576
"Lampasas County, Texas",64808,18.4254494419568,6.07498496290851,3.85063497611558,4.82696671709531,20.0548411497731,84.7343040847201,51.196104387292,17.0150987224158,10.5807200929152,8.69918699186992,14.8896631823461
"La Salle County, Texas",47162,6.73807205452775,0.798442064264849,1.36,7.20434379552377,15.7595020527083,78.7180505893259,58.4293471063435,12.2386013027083,9.42749400068564,17.9293794994858,13.9184093246486
"Lavaca County, Texas",54211,17.8615174003891,4.56805245334678,1.96103159089476,4.26962933439617,23.3160621761658,80.0119569549621,48.6598246313272,13.4245970412895,9.28461028924707,13.0492382424376,20.015455950541
"Lee County, Texas",56696,13.974561476432,4.53903067586666,1.50115473441109,8.65843717247001,18.9297775707465,82.6540118784209,49.1498777221381,13.1517605201816,9.28720402404613,14.9061464850939,13.041344620292
"Leon County, Texas",43392,14.9947542571221,3.72851263013478,2.99496040316775,6.11255411255411,24.5945165945166,85.991341991342,49.5295815295815,11.6696588868941,11.2507480550569,14.721723518851,14.6469180131658
"Liberty County, Texas",50917,9.88112391930836,2.75756484149856,3.89802130898021,9.34167314588096,12.9692595128404,77.0809882445778,49.2996646281318,10.3985472617796,8.77377425212654,18.7071904170251,21.2622256204403
"Limestone County, Texas",45781,16.6728326550746,4.9574546799852,2.94039026998129,9.98116760828625,19.2090395480226,73.2879643896593,51.2155452833419,13.8389277122236,9.86367281475541,13.7243670523542,19.0285256043075
"Lipscomb County, Texas",63182,23.6117817479479,5.84258812168035,3.81832797427653,12.9051802484096,16.4798545895183,79.3698879127537,46.8948803392911,9.25578486554096,10.7567229518449,11.3821138211382,20.0750469043152
"Live Oak County, Texas",50212,11.0918142873683,4.06391108023619,1.29206730769231,6.13552361396304,20.7802874743326,93.82340862423,54.6694045174538,15.30852567122,14.6490814884597,16.839378238342,14.4135657089025
"Llano County, Texas",58941,25.8937423455998,7.41237534262553,3.03337783711615,3.93436509416371,37.1760208838337,91.674435950028,49.2168562371807,13.499876938223,9.85724833866601,14.336697021905,11.4939699729264
"Loving County, Texas",44076,0,0,0,0,45.2991452991453,100,70.9401709401709,64.7887323943662,0,0,26.7605633802817
"Lubbock County, Texas",53425,32.0001093703005,12.009952697345,2.79756289470107,6.53551324288568,12.4293107473605,77.8859373784015,49.2561415341513,13.7440695310112,10.7738514492272,8.76845588528446,11.3466317594057
"Lynn County, Texas",46163,20.7474226804124,5.74742268041237,2.25849731663685,3.58477743798845,16.8025823989127,83.3673122663948,51.4610941216446,16.0091918805056,8.77058598238223,12.638835695136,12.638835695136
"McCulloch County, Texas",48618,17.6660682226212,6.51705565529623,2.7825543223386,5.42032622333752,22.7979924717691,80.702634880803,52.2961104140527,11.2598196101251,8.64125691009601,14.7221414023858,21.0939773057899
"McLennan County, Texas",50210,25.0242282494928,9.15763222163357,2.80066812335051,8.57210336751363,14.4340569584129,74.8808281997284,48.8039520557382,12.6412880291291,10.5195948161314,10.2564323801964,15.8242592624549
"McMullen County, Texas",67386,14.7826086956522,4.56521739130435,3.1434184675835,5.11049723756906,13.2596685082873,88.8121546961326,46.1325966850829,22.8668941979522,4.77815699658703,15.358361774744,11.9453924914676
"Madison County, Texas",60499,13.8288151081328,4.28469895420855,2.61471861471861,11.7244748412311,15.4581617698374,71.5262753855817,57.094005164352,10.3053435114504,13.5194857372439,10.4660506227401,17.3362796303736
"Marion County, Texas",39093,16.677893035161,3.4756836858413,5.16870064608758,2.67347551817363,26.2240913187143,72.1337739060779,48.3428456994092,8.13492063492063,12.2448979591837,12.046485260771,15.7596371882086
"Martin County, Texas",70000,19.3918709277071,7.9118833385045,2.67166042446941,7.91050035236082,10.9055673009161,83.2628611698379,51.1451726568006,17.9063360881543,12.396694214876,12.396694214876,12.5934671389217
"Mason County, Texas",61434,35.0451075641915,10.7564191533657,3.17037037037037,7.10922787193974,26.6713747645951,88.6064030131827,49.1760828625235,20.3319502074689,12.551867219917,8.24688796680498,4.04564315352697
"Matagorda County, Texas",48733,19.529402000249,6.61493131925136,3.75008819586538,10.0269087548585,16.6046043869425,63.3905031121742,49.9442798510505,8.11996130280555,7.57820058045792,16.1689777491132,17.1686552724927
"Maverick County, Texas",41385,15.6591911986943,3.63597896391223,4.32323232323232,29.742848290819,11.7921443078936,81.0062308513202,49.7005060415161,7.2929542645241,12.88742388866,11.0699079796731,15.9730806207938
"Medina County, Texas",62701,20.2912991237582,7.70741142338013,1.86535902616924,5.94074976901453,16.7253140419509,83.331695138493,51.6463858145432,13.5626070494907,8.52339313080321,16.7132425854142,13.8645992968539
"Menard County, Texas",43826,26.7065868263473,11.5568862275449,2.71493212669683,7.06831119544592,33.8709677419355,79.1271347248577,54.9810246679317,11.897738446411,7.66961651917404,19.960668633235,17.3058013765978
"Midland County, Texas",83217,27.4434262203105,7.60052365812605,2.39243894543186,13.9793737371378,10.2354617549843,77.4156437239398,50.5395998551723,17.2670618635051,11.604522548435,13.8681352087645,12.8544202415611
"Milam County, Texas",48253,15.1185061048599,4.69236293990903,3.708084756223,5.1498165100617,20.7807396055975,84.1230794047667,48.957535185708,10.4783157077714,8.19831182691375,17.8034345590375,12.8165324536723
"Mills County, Texas",50198,21.0933186085036,5.71507454445058,1.21773015099854,6.9304900553619,29.3828173057207,92.7824482263687,49.8462169366414,21.2583412774071,7.38798856053384,11.63012392755,10.4385128693994
"Mitchell County, Texas",44939,12.1438133486326,2.94511378848728,1.41070389761489,3.54893410852713,15.7582364341085,75.5329457364341,60.6225775193799,16.0616438356164,10.3767123287671,16.4041095890411,9.86301369863014
"Montague County, Texas",57511,17.4391823808838,5.19648769252915,3.47965395706504,3.39103869653768,22.2403258655804,92.9938900203666,48.1924643584521,9.35322166524025,11.6028854383176,17.7405550800831,16.3100623548111
"Montgomery County, Texas",83274,34.9109898303681,11.4887326277418,3.00806041233889,13.4982412383851,13.1375087260331,82.3163127681349,49.4971093956502,19.8117642031494,11.9686060010398,9.97906117129244,11.4397937454152
"Moore County, Texas",53967,14.2373700749335,4.8747079203932,2.47955859868377,26.9828522840002,11.0680712362417,75.3507487363598,52.7422173933582,9.63116883116883,5.41298701298701,9.94285714285714,31.2831168831169
"Morris County, Texas",43995,14.1201264488936,3.93396557780119,4.07686051240342,3.96536376143077,21.5181678400906,70.1788459982196,48.3936230476653,6.35838150289017,10.9228622682878,10.0857085907913,24.3571855690652
"Motley County, Texas",45417,16.7497507477567,2.99102691924227,2.63876251137398,0,30.3964757709251,87.5917767988253,51.9089574155653,22.9235880398671,3.32225913621263,15.1162790697674,13.1229235880399
"Nacogdoches County, Texas",44507,24.4371880641393,9.21206328979505,4.55466770610018,7.97787338660111,14.7295636140135,73.3912108174554,47.919483712354,10.5493022760359,10.716187906118,11.4440933139225,15.3144196285907
"Navarro County, Texas",47574,16.9843589663858,5.99521129388352,2.95876696087472,12.8489135927236,17.0308236483072,72.7842344618494,49.0914603335018,12.7684137612561,8.90325559916878,10.7088432232741,21.8286769799123
"Newton County, Texas",40690,8.79869799613468,1.67836435764419,5.67873104898782,0.993617638526255,20.7716855236438,75.2465912387583,51.47954743255,5.59373806796487,12.3138602520046,15.5211912943872,19.3585337915235
"Nolan County, Texas",43692,15.0639011104127,4.33689503456945,4.5881126173097,6.0599959734246,18.2269646332461,85.7459230924099,51.4730554996309,9.6558473332246,7.2255749469907,12.7059207307128,20.8285760887294
"Nueces County, Texas",56784,21.6805027411887,7.73441489653542,3.56175017642908,8.73392590383569,14.4837374465347,82.3054471753495,49.4059107941163,11.4717663149668,10.5705353653771,13.1899667839,11.9816090269637
"Ochiltree County, Texas",53431,16.6926406926407,4.43290043290043,2.478656017626,24.5382053093772,10.1039668920965,80.9427677399818,49.3186635712123,10.4533450704225,11.1135563380282,23.8336267605634,17.6496478873239
"Oldham County, Texas",64250,26.8057784911718,5.7784911717496,0.271923861318831,3.36492890995261,12.7488151658768,93.0805687203791,57.2511848341232,18.859649122807,9.21052631578947,8.22368421052632,16.1184210526316
"Orange County, Texas",63488,15.9923684538987,3.54831232280727,2.70191793382746,3.0593487394958,15.6512605042017,85.6175993124523,49.5201489686784,11.3580966511234,9.87971598134803,14.3360534124629,17.9843153878762
"Palo Pinto County, Texas",55986,18.07534350758,6.06905643157735,3.39878489037598,6.54348430119478,19.3838566268408,91.063489858294,48.9024729091414,10.9101141662647,9.16546068499759,13.0085222704615,17.4786943238463
"Panola County, Texas",51297,15.5640292341913,4.00381315538608,1.50896115923081,3.12257396704908,19.0934184421634,80.048305011645,48.9993961873544,12.6685212925316,8.74170768243099,12.9895142306869,18.9920821741922
"Parker County, Texas",84189,26.6985041385144,9.4077587776124,2.98321422635865,5.29805629591107,15.5532442017523,91.8495886512528,49.8414555750576,17.8944771655,11.0271670418453,11.9892688642881,11.5529310185328
"Parmer County, Texas",58558,15.0877774097383,3.92514077509109,0.935623516268678,21.4960058097313,14.2130926444652,83.8572466023446,50.6587820313311,12.9165759093879,5.20583750816815,12.2413417556088,23.0450882160749
"Pecos County, Texas",53879,11.5526889879541,4.13544531916912,0.537941152498166,13.7233704292528,12.6613672496025,79.2241653418124,56.731319554849,10.7566393853349,9.62084516452313,19.7594788708869,16.9868047436112
"Polk County, Texas",50351,14.3097457393415,3.85803320280183,4.58958302995,6.00737713089423,18.7099990030904,82.2171269065896,53.7593460273153,9.64200477326969,10.1405462741978,15.0676213206046,15.2161230442853
"Potter County, Texas",43652,15.3800063911376,4.7427567106945,2.0080815769149,16.0737979936276,12.5681397530489,75.6497046220938,51.522527319287,8.14950370974479,9.95166391502397,12.3008374276451,20.885962643964
"Presidio County, Texas",22716,19.4802259887006,4.8361581920904,5.73071216617211,39.2773207990599,23.9864864864865,78.0552291421857,49.2215041128085,11.5983026874116,11.7751060820368,12.5530410183876,0.99009900990099
"Rains County, Texas",52612,15.2988403211418,4.60526315789474,2.11034066927947,3.36638613448879,24.022998083493,90.3841346554454,50.729105907841,12.6664056382146,8.24197337509788,13.7431480031323,19.7533281127643
"Randall County, Texas",68186,30.9325853951718,9.88569456965731,2.45904704914354,5.1005477739789,15.039888239403,86.6225506415205,49.0886364471894,13.9812579866534,11.7549339769984,9.80974016754224,11.8401249467556
"Reagan County, Texas",61659,11.6561656165617,4.14041404140414,4.27827380952381,14.4184811471057,9.79819437068508,48.0881571959639,54.7265002655337,20.0584795321637,2.57309941520468,28.187134502924,16.374269005848
"Real County, Texas",38659,16.7840861997513,5.55325321176958,0.463788797716732,2.68299795858851,29.7171186934966,94.925634295713,44.9110527850685,15.4320987654321,16.5123456790123,12.037037037037,7.02160493827161
"Red River County, Texas",37135,15.6716417910448,4.27712185341947,2.63707831625037,1.70037144036319,25.3074700784152,78.2088320264135,47.2967395790343,12.3618501841998,5.91485878018829,11.6659844453541,16.9463774048301
"Reeves County, Texas",61543,10.5522777831512,3.02737208627527,6.20904586862714,18.6092885629744,11.7522192203782,77.9171491058793,61.4820532612891,10.3854217061764,4.45089501693275,21.6416706982745,24.4637961619094
"Refugio County, Texas",51054,11.072092542863,3.11919024994836,3.48501263994222,1.24019957234498,21.9387027797577,80.3136136849608,47.9971489665004,9.38375350140056,9.83893557422969,9.69887955182073,13.2703081232493
"Roberts County, Texas",61964,23.936170212766,7.80141843971631,0.770416024653313,2.29591836734694,24.8724489795918,96.6836734693878,51.0204081632653,21.5633423180593,14.55525606469,3.50404312668464,18.0592991913747
"Robertson County, Texas",53823,18.4235354661635,5.61797752808989,5.27872246044655,4.3992043992044,19.2289692289692,73.7978237978238,48.7714987714988,11.5679442508711,8.18118466898955,8.86411149825784,16.5993031358885
"Rockwall County, Texas",105956,42.8501945525292,15.889469844358,2.5748176603421,8.22831727205337,12.150234741784,80.0088954781319,49.311588831233,21.6765039283899,12.3363170855646,6.52777234882539,8.26134542469609
"Runnels County, Texas",48489,16.6050085372795,3.429140580535,1.57783575599453,4.01750972762646,20.7295719844358,86.1381322957199,50.4669260700389,11.6009797372523,9.4188376753507,12.0685816076598,14.0280561122244
"Rusk County, Texas",56223,15.9479974160207,5.56363049095607,4.00767772073447,7.18122545750908,16.7203823071794,76.1113580795733,53.3748240349707,11.9153216588176,8.53641808787893,15.3582369347538,21.3158977641626
"Sabine County, Texas",38917,17.3502767991948,7.07096124811273,3.81550892155763,1.40401146131805,30.5921680993314,88.0038204393505,47.7459407831901,6.70492298399275,12.3527635155542,14.1347025067955,14.4971307762005
"San Augustine County, Texas",41568,13.961038961039,4.9025974025974,5.39165818921668,3.5956416464891,26.8280871670702,71.682808716707,49.6125907990315,10.7432432432432,9.15540540540541,12.7364864864865,18.4121621621622
"San Jacinto County, Texas",44566,15.1666585803697,5.16714375818738,3.72268208295012,5.20403163715266,21.7680408763211,84.5628893399594,49.2160705536502,13.7908678336575,7.69658238399555,13.9112716495323,19.8388441233676
"San Patricio County, Texas",56111,15.88013762321,5.10042774781477,2.90874189567704,5.13819827084173,14.8546342337499,87.5195986202571,50.6293956905434,11.0501345418496,9.58787707123637,13.1213709106359,15.996317802011
"San Saba County, Texas",45169,17.3654121010005,3.07289185326346,1.10463948584053,6.81212524983344,23.4343770819454,81.3124583610926,50.6662225183211,18.5655737704918,7.5,11.1885245901639,11.7622950819672
"Schleicher County, Texas",45250,16.0770031217482,3.01768990634755,9.20520880107768,13.0434782608696,23.4299516908213,60.5935127674258,50.9316770186335,18.4336198662846,9.16905444126074,19.6752626552053,12.4164278892073
"Scurry County, Texas",50277,16.1166607206564,4.6111309311452,1.8337500947185,7.11668045868306,15.0786144934389,83.3550065019506,55.2665799739922,8.96169958108917,7.15140634350688,16.6816277678037,16.2178336325554
"Shackelford County, Texas",48212,32.6250553342187,9.42895086321381,5.25508247027234,3.19051959890611,19.690063810392,95.04709814646,51.7775752051048,14.9627623561273,9.74949221394719,11.7129316181449,9.20785375761679
"Shelby County, Texas",41170,14.0155660950991,3.68478657424298,2.95525922874942,8.12255076594229,17.6226101413134,76.0717254482841,49.3132248743221,12.5615763546798,8.70279146141215,11.1658456486043,20.3407224958949
"Sherman County, Texas",57130,18.4894556154978,3.77636096125552,1.32395531650807,18.9757058437295,15.5942219304005,83.3552199606041,52.1996060407091,16.6666666666667,8,14.9333333333333,12.9333333333333
"Smith County, Texas",59450,27.0361579605033,8.78065228458279,3.34901097434871,9.08664372849547,16.5654432975359,74.963073019845,48.2666041080179,11.7429695748152,11.243881370573,9.48939437565985,15.2749784048373
"Somervell County, Texas",64394,28.8740245261984,7.75601210383819,2.71512113617377,4.20852868943961,19.133735208752,90.2098682741683,50.3907122125474,17.2659968270756,10.9201480698043,9.30724484399788,15.4680063458488
"Starr County, Texas",30931,10.9397779522261,3.28866210608949,7.67994363344122,27.514367816092,11.3302723638181,83.5316716641679,48.7037731134433,6.69153042196106,8.76447374127239,13.938158636541,15.256515894011
"Stephens County, Texas",44940,15.7430730478589,3.6051637279597,4.46889432219506,4.25304552254755,19.6730070527891,90.4787347723873,52.2440692455653,14.277539341917,6.03719599427754,17.1673819742489,21.4878397711016
"Sterling County, Texas",53194,18.3727034120735,7.48031496062992,0.663716814159292,11.0675039246468,10.596546310832,82.8100470957614,49.5290423861852,10.0840336134454,15.7983193277311,7.56302521008403,15.4621848739496
"Stonewall County, Texas",58309,12.4858115777526,3.29171396140749,2.35720761559383,1.48725212464589,20.4674220963173,90.5099150141643,47.1671388101983,13.0246020260492,8.24891461649783,12.5904486251809,22.2865412445731
"Sutton County, Texas",61190,18.354943273906,6.645056726094,4.13371675053918,12.7603480094912,16.8204587397838,56.6042710255734,52.4123385183232,13.9130434782609,12.231884057971,16.7536231884058,7.2463768115942
"Swisher County, Texas",36337,15.9216166564605,3.93957950602164,3.7887879307389,12.9136836417669,19.0733486424423,84.195596379846,54.1942455761178,13.0986937590711,7.8011611030479,9.39767779390421,9.1799709724238
"Tarrant County, Texas",70306,32.6094829069741,10.9634046883301,3.39712543690538,16.0021433182823,11.3172212157699,63.4000480465329,48.888069391133,17.3031621151738,10.8646663304595,8.75707168058905,14.588080331013
"Taylor County, Texas",55568,26.8258226886367,9.63720974405243,1.8834559029922,6.74151584121698,14.4690629067561,75.1965154412781,48.7474640236764,12.026981032829,10.3994554286952,10.4427736006683,12.6550945264396
"Terrell County, Texas",42823,22.5930680359435,3.46598202824133,0,1.10741971207087,34.3300110741971,82.3920265780731,52.6024363233666,11.7469879518072,4.21686746987952,11.144578313253,28.3132530120482
"Terry County, Texas",44052,11.5625399258975,3.13019036667944,4.46731748726655,10.9606705351386,15.0709219858156,89.1924564796905,53.0464216634429,9.00502512562814,7.33668341708543,18.070351758794,12.9447236180905
"Throckmorton County, Texas",41875,22.3055295220244,7.68509840674789,2.83630470016207,2.26666666666667,25.6666666666667,93.9333333333333,46.0666666666667,21.5208034433285,8.17790530846485,7.74748923959828,10.0430416068867
"Titus County, Texas",53406,16.7567297107976,4.60322225557891,3.14636356148587,20.6059494328778,14.1887553884252,70.4026414748234,49.2616710996973,8.20666573699624,10.0753033049784,10.2914516803793,27.1370799051736
"Tom Green County, Texas",57670,25.0022957142295,8.30786183735849,2.51196044224203,5.91343925154874,15.5033924733449,81.0603059547389,49.9380504867462,12.682560137457,11.3097794959908,11.7733390607102,10.8265320733104
"Travis County, Texas",80668,51.533964796068,19.0860419943506,3.14414382286045,17.0417880474928,9.83672346916261,69.2974728272166,50.5071613355035,21.645345421207,10.5071116548257,6.77218010326163,7.38840052340417
"Trinity County, Texas",44052,13.6456780923994,3.90275707898659,3.2932652725177,4.30934713050582,26.727483150657,85.3836203962149,49.5949349853632,14.70700152207,7.64840182648402,15.144596651446,13.8508371385084
"Tyler County, Texas",47865,14.2427216225057,3.73568858357867,5.8767613509282,3.15461810072477,22.0033451031407,83.5485969150716,54.3858018955585,12.528,9.168,14.064,17.376
"Upshur County, Texas",54330,18.2383677531724,5.61262574201116,3.31589734177602,3.09283332527908,18.2042236505098,85.0553327212101,49.2026289083265,11.5353181552831,15.318155283129,11.7104495037945,17.472270869819
"Upton County, Texas",59008,14.017895185343,4.26075841499787,1.72350568390172,9.2577376061353,14.8452478772939,45.9874007121337,49.3563407285675,16.1543492478744,7.78286461739699,22.8907782864617,13.5382603008502
"Uvalde County, Texas",45936,19.4384835479256,4.9415832141154,2.9010073614878,10.4130265065616,16.8370571396706,88.9995910628648,48.6449310383286,8.55331712400139,10.6634248002779,15.6477943730462,12.5217089267107
"Val Verde County, Texas",47675,19.1203688124642,6.68977353030252,2.26442857921413,23.3791668366722,14.2988290015913,84.2710840915582,50.9098698437309,10.4651162790698,10.1694065757819,13.1565757818765,15.5523255813953
"Van Zandt County, Texas",57203,15.7756489493201,4.02760609806345,2.11868210790915,3.55904949079864,20.3662676433804,92.3298195461854,48.6635697695194,14.3040495684886,9.44899314007524,15.2600132772737,12.3832706350963
"Victoria County, Texas",58959,18.9140841104467,5.88673744885959,3.24176210215696,6.91191169440702,16.1303289730998,82.1031245925862,49.0461083829473,12.2106659717122,11.184818403658,12.7532042929233,15.0276007486555
"Walker County, Texas",41508,19.0176430284344,5.88172319287427,1.48112756808409,7.77785462341794,12.884708486064,70.6770869354727,58.467390552597,9.43029286150091,8.61805979255644,9.9222086638194,13.7507626601586
"Waller County, Texas",61752,22.9788233714803,7.67526932241501,3.19376455491659,13.2771416850035,11.8114347517995,54.7234550404654,49.7109611009585,13.2291839787269,13.5075619079275,12.1073624729932,13.0962273558252
"Ward County, Texas",61915,11.534807979373,2.42909485683268,3.58243011979464,6.94763729246488,13.5972754363559,85.4235845040443,50.2767134951043,10.8171206225681,7.60700389105058,15.1167315175097,21.284046692607
"Washington County, Texas",59623,28.089363686464,9.85204968417483,2.66096212042158,6.28773919206237,21.4599574769667,76.4309000708717,48.5613040396882,15.2242180630574,10.8968722522296,11.6819495038312,14.432860193443
"Webb County, Texas",50296,18.7628610064085,5.3789219945257,3.44985655642715,25.5112844600814,9.39249837182141,81.24192732684,49.048015805157,10.7814196373294,12.9707225596899,10.5131403038106,14.7481853011637
"Wharton County, Texas",51770,18.7713945527608,6.02024110730764,3.14941026359195,9.47878671530044,16.9754271453254,75.758302937224,49.385678633135,9.36273697009893,9.37931796827502,14.7183993809761,16.3709721991931
"Wheeler County, Texas",49036,15.2552038779584,3.39321357285429,2.89204687110446,7.40312319259688,19.5103142471564,90.0327742433006,52.2074416811259,12.3287671232877,9.58904109589041,13.013698630137,12.4496373892023
"Wichita County, Texas",49710,23.1307694123758,7.72599570318956,2.57854882996209,6.00587193728529,14.7169211677286,77.595835162008,51.8584378830758,11.5661970837668,10.2614736322443,10.7410476576688,14.8703210677575
"Wilbarger County, Texas",45121,14.8948266060262,3.02444570778852,4.42426018165837,4.48218919556499,17.3389950460014,73.7438075017693,48.6356845167886,11.3928218636813,6.86532762594666,8.80803424432005,15.2782351004281
"Willacy County, Texas",37906,9.20780372450488,2.79337865799586,5.82853068742202,12.9184369018161,14.0482748961203,86.171156449881,55.1006116065176,6.77442357974804,8.75921083907773,14.5115284050392,13.6558117423342
"Williamson County, Texas",90834,41.8713983207088,14.2231434561372,3.442473294092,13.0163365980818,12.2067818181499,75.7028383502473,49.2652124599211,19.5906593784852,11.2757989232951,6.77071142381142,8.82877363036804
"Wilson County, Texas",80082,22.9131702146453,6.92518328769543,2.42055579393725,3.99321492716025,15.8032328876472,88.5452005587707,50,14.2906875543951,11.9451697127937,12.9547432550044,12.3716275021758
"Winkler County, Texas",63585,9.52904929577465,2.26672535211268,1.56169555517419,15.3669138327793,11.6849910508821,80.3630784965482,51.6875479417029,8.02646720368239,5.60989643268124,18.9585730724971,23.8204833141542
"Wise County, Texas",67726,18.8113174491941,4.76962158374212,2.7235316124205,7.68516881739438,15.1184373342761,91.9774910140828,50.2666313122385,13.4262449107423,9.52395865956781,12.2611963670529,18.3651738177263
"Wood County, Texas",56749,19.1736092038207,6.99136378894687,2.42771778450655,4.11950104319261,26.7345851644693,88.2940471434279,49.5538686909042,13.2011025886865,9.25814956855225,15.8017737296261,16.5208533077661
"Yoakum County, Texas",69004,11.7658651951123,1.83287347260544,3.27242524916944,18.8806316767301,10.6943799349745,84.6609382257315,51.7533673943335,9.43019943019943,7.46438746438746,22.5356125356125,13.1339031339031
"Young County, Texas",52158,23.5719450469993,7.10211295894593,1.7825438534195,6.07427203385112,20.5111073993653,94.0203774845499,48.4939591336785,13.8783036263061,7.84265519360787,14.4437615242778,14.7510755992624
"Zapata County, Texas",32945,12.1513944223108,1.02091633466135,4.68059461631177,23.4781998174542,13.6488099417258,80.3482412413115,49.1118444148003,8.64654333008763,9.23076923076923,19.2989289191821,17.1957156767283
"Zavala County, Texas",40090,12.3644557104633,5.39360653429094,2.49221183800623,5.59094719195306,14.8533109807209,84.501257334451,52.8080469404862,9.0519877675841,11.0907237512742,13.9653414882773,14.638124362895
